-- Backup created at 2025-09-20T07:24:50.214Z
-- Type: full

-- Data for table user
TRUNCATE TABLE "user" CASCADE;
INSERT INTO "user" (id, username, email, phone, name, password, role, isActive, createdAt, updatedAt) VALUES ('cmfmv4w9c0000op78r82s5kvc', 'admin', 'admin@matchystore.com', NULL, 'Admin User', '$2a$10$Szlv10kytssf.5BkI94ze.DvC5Wzh8vCvwvIXUo.JdXZCLzlmbsUS', 'SUPER_ADMIN', true, '"2025-09-16T18:04:57.552Z"', '"2025-09-20T04:41:10.282Z"');
INSERT INTO "user" (id, username, email, phone, name, password, role, isActive, createdAt, updatedAt) VALUES ('cmfmv4wge000wop78wc5psvu7', 'customer', 'customer@example.com', '+9641234567890', 'Customer User', '$2a$10$Ema1cA8UjReriXU0qJnaQe5Ou5pENVILjguBKwrZOmCp6MIoI2j..', 'CUSTOMER', true, '"2025-09-16T18:04:57.806Z"', '"2025-09-20T04:41:10.396Z"');
INSERT INTO "user" (id, username, email, phone, name, password, role, isActive, createdAt, updatedAt) VALUES ('cmfrs6mnp0000xqgoqhqlnnf6', 'staff', 'staff@matchystore.com', NULL, 'Staff User', '$2a$10$1T4IURJPg.TZh6IagE4Ev.A07fXrLvbkdLIKBGP3mv06h5J5Z5fKS', 'CUSTOMER_SERVICE', true, '"2025-09-20T04:41:10.453Z"', '"2025-09-20T04:41:10.453Z"');
INSERT INTO "user" (id, username, email, phone, name, password, role, isActive, createdAt, updatedAt) VALUES ('cmfrsv2ql0004tf17rik0dpih', 'aliqasim', NULL, NULL, 'Ali Qasim', '$2a$10$Vj6wmKwUfNCLwLasMp8wkOKZIZCulv5jUvz8AmH20whLO6BpImBGa', 'SUPER_ADMIN', true, '"2025-09-20T05:00:11.038Z"', '"2025-09-20T05:00:11.038Z"');

-- Data for table product
TRUNCATE TABLE "product" CASCADE;
INSERT INTO "product" (id, name, description, price, sku, barcode, stock, images, colors, isActive, createdAt, updatedAt, brandId, categoryId) VALUES ('cmfmv4wa5000bop78koamv455', 'Nike Elite Basketball Socks', 'High-performance basketball socks with extra cushioning and arch support.', '"18.99"', 'NKE-ATH-002', NULL, 50, '["https://via.placeholder.com/400x400/4F46E5/FFFFFF?text=Nike+Elite","https://via.placeholder.com/400x400/4F46E5/FFFFFF?text=Basketball+Style"]', '[]', true, '"2025-09-16T18:04:57.581Z"', '"2025-09-20T05:02:30.523Z"', 'cmfmv4w9y0003op7864j5r3p1', 'cmfmv4wa10005op780cokvu7p');
INSERT INTO "product" (id, name, description, price, sku, barcode, stock, images, colors, isActive, createdAt, updatedAt, brandId, categoryId) VALUES ('cmfmv4wa5000cop7807tkr78g', 'Nike Dri-FIT Crew Socks', 'Moisture-wicking athletic socks with cushioned sole for maximum comfort during workouts.', '"12.99"', 'NKE-ATH-001', NULL, 50, '["https://via.placeholder.com/400x400/4F46E5/FFFFFF?text=Nike+Dri-FIT","https://via.placeholder.com/400x400/4F46E5/FFFFFF?text=Side+View"]', '[]', true, '"2025-09-16T18:04:57.581Z"', '"2025-09-16T18:04:57.581Z"', 'cmfmv4w9y0003op7864j5r3p1', 'cmfmv4wa10005op780cokvu7p');
INSERT INTO "product" (id, name, description, price, sku, barcode, stock, images, colors, isActive, createdAt, updatedAt, brandId, categoryId) VALUES ('cmfmv4wa5000aop78ksq9ssm3', 'Puma Classic Dress Socks', 'Elegant dress socks made from fine cotton blend. Perfect for formal occasions.', '"15.99"', 'PUM-DRS-001', NULL, 30, '["https://via.placeholder.com/400x400/7C3AED/FFFFFF?text=Puma+Dress","https://via.placeholder.com/400x400/7C3AED/FFFFFF?text=Formal+Style"]', '[]', true, '"2025-09-16T18:04:57.581Z"', '"2025-09-16T18:04:57.581Z"', 'cmfmv4w9v0002op78p9f9bf43', 'cmfmv4wa10004op78quqkp6zb');
INSERT INTO "product" (id, name, description, price, sku, barcode, stock, images, colors, isActive, createdAt, updatedAt, brandId, categoryId) VALUES ('cmfmv4wae000nop78dugcvi8v', 'Adidas Originals 3-Stripe Socks', 'Classic casual socks with iconic 3-stripe design. Perfect for everyday wear.', '"8.99"', 'ADI-CAS-001', NULL, 75, '["https://via.placeholder.com/400x400/10B981/FFFFFF?text=Adidas+3-Stripe","https://via.placeholder.com/400x400/10B981/FFFFFF?text=Detail+View"]', '[]', true, '"2025-09-16T18:04:57.581Z"', '"2025-09-16T18:04:57.581Z"', 'cmfmv4w9j0001op781wl1mu6t', 'cmfmv4wa10006op785zwi4tbg');
INSERT INTO "product" (id, name, description, price, sku, barcode, stock, images, colors, isActive, createdAt, updatedAt, brandId, categoryId) VALUES ('cmfmv4wae000sop78cft8eh5v', 'Adidas Comfort Crew Socks', 'Ultra-comfortable crew socks with soft cotton blend and reinforced heel and toe.', '"6.99"', 'ADI-CAS-002', NULL, 100, '["https://via.placeholder.com/400x400/10B981/FFFFFF?text=Adidas+Comfort","https://via.placeholder.com/400x400/10B981/FFFFFF?text=Comfort+Style"]', '[]', true, '"2025-09-16T18:04:57.581Z"', '"2025-09-16T18:04:57.581Z"', 'cmfmv4w9j0001op781wl1mu6t', 'cmfmv4wa10006op785zwi4tbg');
INSERT INTO "product" (id, name, description, price, sku, barcode, stock, images, colors, isActive, createdAt, updatedAt, brandId, categoryId) VALUES ('cmfrx12xv0008tf17mf0n7tj0', 'Matchy Coffee & Books Socks', '', '"3000"', 'MTCH922', NULL, 1000, '[]', '[]', true, '"2025-09-20T06:56:49.699Z"', '"2025-09-20T06:56:49.699Z"', 'cmfmv4w9j0001op781wl1mu6t', 'cmfmv4wa10005op780cokvu7p');

-- Data for table category
TRUNCATE TABLE "category" CASCADE;
INSERT INTO "category" (id, name, description, image, isActive, createdAt, updatedAt) VALUES ('cmfmv4wa10005op780cokvu7p', 'Athletic Socks', 'High-performance socks for sports and exercise', 'https://via.placeholder.com/300x200/4F46E5/FFFFFF?text=Athletic', true, '"2025-09-16T18:04:57.577Z"', '"2025-09-16T18:04:57.577Z"');
INSERT INTO "category" (id, name, description, image, isActive, createdAt, updatedAt) VALUES ('cmfmv4wa10004op78quqkp6zb', 'Dress Socks', 'Formal socks for business and special occasions', 'https://via.placeholder.com/300x200/7C3AED/FFFFFF?text=Dress', true, '"2025-09-16T18:04:57.578Z"', '"2025-09-16T18:04:57.578Z"');
INSERT INTO "category" (id, name, description, image, isActive, createdAt, updatedAt) VALUES ('cmfmv4wa10006op785zwi4tbg', 'Casual Socks', 'Comfortable everyday socks for daily wear', 'https://via.placeholder.com/300x200/10B981/FFFFFF?text=Casual', true, '"2025-09-16T18:04:57.577Z"', '"2025-09-16T18:04:57.577Z"');

-- Data for table brand
TRUNCATE TABLE "brand" CASCADE;
INSERT INTO "brand" (id, name, description, logo, website, isActive, createdAt, updatedAt) VALUES ('cmfmv4w9j0001op781wl1mu6t', 'Adidas', NULL, 'https://via.placeholder.com/100x50/000000/FFFFFF?text=Adidas', NULL, true, '"2025-09-16T18:04:57.560Z"', '"2025-09-16T18:04:57.560Z"');
INSERT INTO "brand" (id, name, description, logo, website, isActive, createdAt, updatedAt) VALUES ('cmfmv4w9v0002op78p9f9bf43', 'Puma', NULL, 'https://via.placeholder.com/100x50/000000/FFFFFF?text=Puma', NULL, true, '"2025-09-16T18:04:57.560Z"', '"2025-09-16T18:04:57.560Z"');
INSERT INTO "brand" (id, name, description, logo, website, isActive, createdAt, updatedAt) VALUES ('cmfmv4w9y0003op7864j5r3p1', 'Nike', NULL, 'https://via.placeholder.com/100x50/000000/FFFFFF?text=Nike', NULL, true, '"2025-09-16T18:04:57.560Z"', '"2025-09-16T18:04:57.560Z"');

-- Data for table cartItem
TRUNCATE TABLE "cartItem" CASCADE;
INSERT INTO "cartItem" (id, quantity, userId, productId, createdAt, updatedAt) VALUES ('cmfr3f9v30003osfbgahtdv9d', 1, 'cmfmv4w9c0000op78r82s5kvc', 'cmfmv4wa5000cop7807tkr78g', '"2025-09-19T17:08:03.376Z"', '"2025-09-19T17:08:03.376Z"');

-- Data for table page
TRUNCATE TABLE "page" CASCADE;
INSERT INTO "page" (id, title, slug, content, seoTitle, seoDescription, status, publishedAt, createdAt, updatedAt) VALUES ('cmfmvsqby0000j9os3qgqgs90', 'test', 'test', '<h1>hello test</h1>', 'test', 'testssss', 'PUBLISHED', NULL, '"2025-09-16T18:23:29.614Z"', '"2025-09-16T18:23:29.614Z"');

-- Data for table setting
TRUNCATE TABLE "setting" CASCADE;
INSERT INTO "setting" (id, category, key, value, createdAt, updatedAt) VALUES ('cmfnrmvwf0004tsmllzfvu2es', 'localization', 'defaultLocale', 'en', '"2025-09-17T09:14:44.607Z"', '"2025-09-17T09:14:44.607Z"');
INSERT INTO "setting" (id, category, key, value, createdAt, updatedAt) VALUES ('cmfnrmvwf0005tsmld5wm1aib', 'localization', 'supportedLocales', '["en"]', '"2025-09-17T09:14:44.607Z"', '"2025-09-17T09:14:44.607Z"');
INSERT INTO "setting" (id, category, key, value, createdAt, updatedAt) VALUES ('cmfnrmvwf0006tsmlt8ueag8y', 'localization', 'currency', 'IQD', '"2025-09-17T09:14:44.607Z"', '"2025-09-17T09:14:44.607Z"');
INSERT INTO "setting" (id, category, key, value, createdAt, updatedAt) VALUES ('cmfnrmvwf0007tsmlfbr10wel', 'localization', 'currencyFormat', 'en-US', '"2025-09-17T09:14:44.607Z"', '"2025-09-17T09:14:44.607Z"');
INSERT INTO "setting" (id, category, key, value, createdAt, updatedAt) VALUES ('cmfnrk3yr0001tsmlan9560ih', 'system', 'cacheEnabled', 'true', '"2025-09-17T09:12:35.090Z"', '"2025-09-19T15:53:04.402Z"');
INSERT INTO "setting" (id, category, key, value, createdAt, updatedAt) VALUES ('cmfnrk3yq0000tsmljwhz7h5i', 'system', 'maintenanceMode', 'false', '"2025-09-17T09:12:35.090Z"', '"2025-09-19T16:01:11.766Z"');
INSERT INTO "setting" (id, category, key, value, createdAt, updatedAt) VALUES ('cmfrsf6b70000tf171s75002g', 'general', 'storeName', 'Matchy', '"2025-09-20T04:47:49.171Z"', '"2025-09-20T04:47:49.171Z"');
INSERT INTO "setting" (id, category, key, value, createdAt, updatedAt) VALUES ('cmfrsf6b70001tf17lktlzmc4', 'general', 'storeEmail', 'admin@matchystore.com', '"2025-09-20T04:47:49.171Z"', '"2025-09-20T04:47:49.171Z"');
INSERT INTO "setting" (id, category, key, value, createdAt, updatedAt) VALUES ('cmfrsf6b70002tf17febw88uy', 'general', 'phone', '+1 (555) 123-4567', '"2025-09-20T04:47:49.171Z"', '"2025-09-20T04:47:49.171Z"');
INSERT INTO "setting" (id, category, key, value, createdAt, updatedAt) VALUES ('cmfrsf6b70003tf17rx3oerjw', 'general', 'address', '123 Main Street, City, State 12345', '"2025-09-20T04:47:49.171Z"', '"2025-09-20T04:47:49.171Z"');
INSERT INTO "setting" (id, category, key, value, createdAt, updatedAt) VALUES ('cmfrsyk3r0005tf17o6ycl9sa', 'appearance', 'primaryColor', '#4e6a97', '"2025-09-20T05:02:53.511Z"', '"2025-09-20T05:02:53.511Z"');
INSERT INTO "setting" (id, category, key, value, createdAt, updatedAt) VALUES ('cmfrsyk3r0006tf17abrsmcfl', 'appearance', 'secondaryColor', '#1e40af', '"2025-09-20T05:02:53.511Z"', '"2025-09-20T05:02:53.511Z"');
INSERT INTO "setting" (id, category, key, value, createdAt, updatedAt) VALUES ('cmfrxaegr0000rt4dohoyczfy', 'backup', 'autoBackup', 'true', '"2025-09-20T07:04:04.539Z"', '"2025-09-20T07:20:12.230Z"');
INSERT INTO "setting" (id, category, key, value, createdAt, updatedAt) VALUES ('cmfrxaegw0001rt4ddsq5v3dd', 'backup', 'frequency', '"daily"', '"2025-09-20T07:04:04.544Z"', '"2025-09-20T07:20:12.232Z"');
INSERT INTO "setting" (id, category, key, value, createdAt, updatedAt) VALUES ('cmfrxaegw0002rt4dstzvah7u', 'backup', 'time', '"10:21"', '"2025-09-20T07:04:04.545Z"', '"2025-09-20T07:20:12.233Z"');
INSERT INTO "setting" (id, category, key, value, createdAt, updatedAt) VALUES ('cmfrxaegx0003rt4d3jvzlhpt', 'backup', 'format', '"sql"', '"2025-09-20T07:04:04.546Z"', '"2025-09-20T07:20:12.234Z"');
INSERT INTO "setting" (id, category, key, value, createdAt, updatedAt) VALUES ('cmfrxaegy0004rt4dmz84rwpf', 'backup', 'type', '"full"', '"2025-09-20T07:04:04.546Z"', '"2025-09-20T07:20:12.234Z"');
INSERT INTO "setting" (id, category, key, value, createdAt, updatedAt) VALUES ('cmfrxaegz0005rt4dzju77nc5', 'backup', 'retention', '30', '"2025-09-20T07:04:04.547Z"', '"2025-09-20T07:20:12.235Z"');

-- Data for table banner
TRUNCATE TABLE "banner" CASCADE;
INSERT INTO "banner" (id, title, description, imageUrl, ctaText, ctaUrl, isActive, order, createdAt, updatedAt) VALUES ('cmfr31t7k0000rptg4phl1p1v', '20% OFF ONLY TODAY AND GET SPECIAL GIFT!', 'Today only, enjoy a stylish 20% off and receive an exclusive gift! Elevate your wardrobe now!', 'https://images.unsplash.com/photo-1441986300917-64674bd600d8?w=800&h=600&fit=crop', 'Shop Now', '/products', true, 0, '"2025-09-19T16:57:35.264Z"', '"2025-09-19T16:57:35.264Z"');
INSERT INTO "banner" (id, title, description, imageUrl, ctaText, ctaUrl, isActive, order, createdAt, updatedAt) VALUES ('cmfr31t7w0001rptg6c74wrlg', 'NEW COLLECTION IS HERE!', 'Discover our latest fashion collection with trendy designs and premium quality materials.', 'https://images.unsplash.com/photo-1469334031218-e382a71b716b?w=800&h=600&fit=crop', 'Explore Collection', '/products', true, 1, '"2025-09-19T16:57:35.264Z"', '"2025-09-19T16:57:35.264Z"');
INSERT INTO "banner" (id, title, description, imageUrl, ctaText, ctaUrl, isActive, order, createdAt, updatedAt) VALUES ('cmfr31t7z0002rptgzomeo2xz', 'FREE SHIPPING ON ALL ORDERS', 'No minimum purchase required. Get your favorite items delivered right to your doorstep for free!', 'https://images.unsplash.com/photo-1556742049-0cfed4f6a45d?w=800&h=600&fit=crop', 'Start Shopping', '/products', true, 2, '"2025-09-19T16:57:35.264Z"', '"2025-09-19T16:57:35.264Z"');

-- Data for table footerSection
TRUNCATE TABLE "footerSection" CASCADE;
INSERT INTO "footerSection" (id, title, isActive, order, createdAt, updatedAt) VALUES ('cmfr31t820004rptgao3rv0km', 'PRODUCTS', false, 1, '"2025-09-19T16:57:35.283Z"', '"2025-09-19T17:03:46.421Z"');
INSERT INTO "footerSection" (id, title, isActive, order, createdAt, updatedAt) VALUES ('cmfr31t820005rptgsqm3gbys', 'CUSTOMER SERVICE', false, 2, '"2025-09-19T16:57:35.283Z"', '"2025-09-19T17:03:57.912Z"');
INSERT INTO "footerSection" (id, title, isActive, order, createdAt, updatedAt) VALUES ('cmfr31t830006rptg7xyd6vth', 'SOCIAL MEDIA', false, 3, '"2025-09-19T16:57:35.283Z"', '"2025-09-19T17:04:06.437Z"');
INSERT INTO "footerSection" (id, title, isActive, order, createdAt, updatedAt) VALUES ('cmfr31t810003rptge1njxmll', 'GENERAL', false, 0, '"2025-09-19T16:57:35.281Z"', '"2025-09-19T17:09:46.324Z"');

-- Data for table footerLink
TRUNCATE TABLE "footerLink" CASCADE;
INSERT INTO "footerLink" (id, text, url, isActive, order, sectionId, createdAt, updatedAt) VALUES ('cmfr31t84000crptgixwomd38', 'How it Works', '/how-it-works', true, 2, 'cmfr31t810003rptge1njxmll', '"2025-09-19T16:57:35.284Z"', '"2025-09-19T16:57:35.284Z"');
INSERT INTO "footerLink" (id, text, url, isActive, order, sectionId, createdAt, updatedAt) VALUES ('cmfr31t84000brptgodvxalkx', 'Blog', '/blog', true, 1, 'cmfr31t810003rptge1njxmll', '"2025-09-19T16:57:35.284Z"', '"2025-09-19T16:57:35.284Z"');
INSERT INTO "footerLink" (id, text, url, isActive, order, sectionId, createdAt, updatedAt) VALUES ('cmfr31t84000arptgxwd8bxpp', 'About Us', '/about', true, 0, 'cmfr31t810003rptge1njxmll', '"2025-09-19T16:57:35.284Z"', '"2025-09-19T16:57:35.284Z"');
INSERT INTO "footerLink" (id, text, url, isActive, order, sectionId, createdAt, updatedAt) VALUES ('cmfr31t8m000erptgl6jll5sb', 'Accessories', '/products?category=accessories', true, 3, 'cmfr31t820004rptgao3rv0km', '"2025-09-19T16:57:35.284Z"', '"2025-09-19T16:57:35.284Z"');
INSERT INTO "footerLink" (id, text, url, isActive, order, sectionId, createdAt, updatedAt) VALUES ('cmfr31t8r000grptgpo2nkveh', 'FAQ', '/faq', true, 0, 'cmfr31t820005rptgsqm3gbys', '"2025-09-19T16:57:35.284Z"', '"2025-09-19T16:57:35.284Z"');
INSERT INTO "footerLink" (id, text, url, isActive, order, sectionId, createdAt, updatedAt) VALUES ('cmfr31t8s000irptgzargzlcj', 'Man Fashion', '/products?category=men', true, 0, 'cmfr31t820004rptgao3rv0km', '"2025-09-19T16:57:35.284Z"', '"2025-09-19T16:57:35.284Z"');
INSERT INTO "footerLink" (id, text, url, isActive, order, sectionId, createdAt, updatedAt) VALUES ('cmfr31t8u000krptg2neg1vff', 'Woman Fashion', '/products?category=women', true, 1, 'cmfr31t820004rptgao3rv0km', '"2025-09-19T16:57:35.284Z"', '"2025-09-19T16:57:35.284Z"');
INSERT INTO "footerLink" (id, text, url, isActive, order, sectionId, createdAt, updatedAt) VALUES ('cmfr31t8v000mrptgf95r41n7', 'Billing Cycle', '/billing', true, 2, 'cmfr31t820005rptgsqm3gbys', '"2025-09-19T16:57:35.284Z"', '"2025-09-19T16:57:35.284Z"');
INSERT INTO "footerLink" (id, text, url, isActive, order, sectionId, createdAt, updatedAt) VALUES ('cmfr31t8v000qrptgwhj87bkq', 'Privacy Policy', '/privacy', true, 3, 'cmfr31t820005rptgsqm3gbys', '"2025-09-19T16:57:35.284Z"', '"2025-09-19T16:57:35.284Z"');
INSERT INTO "footerLink" (id, text, url, isActive, order, sectionId, createdAt, updatedAt) VALUES ('cmfr31t8v000orptgm8hykinv', 'Contact Us', '/contact', true, 3, 'cmfr31t810003rptge1njxmll', '"2025-09-19T16:57:35.284Z"', '"2025-09-19T16:57:35.284Z"');
INSERT INTO "footerLink" (id, text, url, isActive, order, sectionId, createdAt, updatedAt) VALUES ('cmfr31t8w000srptglldem0cc', 'Shoes & Bag', '/products?category=shoes', true, 2, 'cmfr31t820004rptgao3rv0km', '"2025-09-19T16:57:35.284Z"', '"2025-09-19T16:57:35.284Z"');
INSERT INTO "footerLink" (id, text, url, isActive, order, sectionId, createdAt, updatedAt) VALUES ('cmfr31t8w000urptgxuzfghc9', 'Help & Support', '/support', true, 1, 'cmfr31t820005rptgsqm3gbys', '"2025-09-19T16:57:35.284Z"', '"2025-09-19T16:57:35.284Z"');

-- Data for table socialLink
TRUNCATE TABLE "socialLink" CASCADE;
INSERT INTO "socialLink" (id, platform, url, icon, isActive, order, createdAt, updatedAt) VALUES ('cmfr31t8y000wrptgej8f6cqi', 'facebook', 'https://facebook.com/matchystore', '<svg class="w-6 h-6" fill="currentColor" viewBox="0 0 24 24"><path d="M24 12.073c0-6.627-5.373-12-12-12s-12 5.373-12 12c0 5.99 4.388 10.954 10.125 11.854v-8.385H7.078v-3.47h3.047V9.43c0-3.007 1.792-4.669 4.533-4.669 1.312 0 2.686.235 2.686.235v2.953H15.83c-1.491 0-1.956.925-1.956 1.874v2.25h3.328l-.532 3.47h-2.796v8.385C19.612 23.027 24 18.062 24 12.073z"/></svg>', false, 1, '"2025-09-19T16:57:35.314Z"', '"2025-09-20T04:46:09.325Z"');
INSERT INTO "socialLink" (id, platform, url, icon, isActive, order, createdAt, updatedAt) VALUES ('cmfr31t8y000xrptgws6k6tn1', 'instagram', 'https://instagram.com/matchystore', 'https://upload.wikimedia.org/wikipedia/commons/9/95/Instagram_logo_2022.svg', true, 0, '"2025-09-19T16:57:35.314Z"', '"2025-09-20T04:47:20.131Z"');
INSERT INTO "socialLink" (id, platform, url, icon, isActive, order, createdAt, updatedAt) VALUES ('cmfr31t8y000vrptgn5lag7yu', 'twitter', 'https://twitter.com/matchystore', '<svg class="w-6 h-6" fill="currentColor" viewBox="0 0 24 24"><path d="M23.953 4.57a10 10 0 01-2.825.775 4.958 4.958 0 002.163-2.723c-.951.555-2.005.959-3.127 1.184a4.92 4.92 0 00-8.384 4.482C7.69 8.095 4.067 6.13 1.64 3.162a4.822 4.822 0 00-.666 2.475c0 1.71.87 3.213 2.188 4.096a4.904 4.904 0 01-2.228-.616v.06a4.923 4.923 0 003.946 4.827 4.996 4.996 0 01-2.212.085 4.936 4.936 0 004.604 3.417 9.867 9.867 0 01-6.102 2.105c-.39 0-.779-.023-1.17-.067a13.995 13.995 0 007.557 2.209c9.053 0 13.998-7.496 13.998-13.985 0-.21 0-.42-.015-.63A9.935 9.935 0 0024 4.59z"/></svg>', false, 2, '"2025-09-19T16:57:35.314Z"', '"2025-09-20T04:46:05.568Z"');
INSERT INTO "socialLink" (id, platform, url, icon, isActive, order, createdAt, updatedAt) VALUES ('cmfr31t8y000yrptg7zvp2pow', 'youtube', 'https://youtube.com/matchystore', '<svg class="w-6 h-6" fill="currentColor" viewBox="0 0 24 24"><path d="M23.498 6.186a3.016 3.016 0 0 0-2.122-2.136C19.505 3.545 12 3.545 12 3.545s-7.505 0-9.377.505A3.017 3.017 0 0 0 .502 6.186C0 8.07 0 12 0 12s0 3.93.502 5.814a3.016 3.016 0 0 0 2.122 2.136c1.871.505 9.376.505 9.376.505s7.505 0 9.377-.505a3.015 3.015 0 0 0 2.122-2.136C24 15.93 24 12 24 12s0-3.93-.502-5.814zM9.545 15.568V8.432L15.818 12l-6.273 3.568z"/></svg>', false, 3, '"2025-09-19T16:57:35.314Z"', '"2025-09-20T04:46:10.121Z"');

-- Data for table productAttribute
TRUNCATE TABLE "productAttribute" CASCADE;
INSERT INTO "productAttribute" (id, name, value, productId, createdAt, updatedAt) VALUES ('cmfmv4wa5000gop78gdamrj9o', 'Size', 'M', 'cmfmv4wa5000cop7807tkr78g', '"2025-09-16T18:04:57.581Z"', '"2025-09-16T18:04:57.581Z"');
INSERT INTO "productAttribute" (id, name, value, productId, createdAt, updatedAt) VALUES ('cmfmv4wa5000dop786r09gv20', 'Size', 'M', 'cmfmv4wa5000aop78ksq9ssm3', '"2025-09-16T18:04:57.581Z"', '"2025-09-16T18:04:57.581Z"');
INSERT INTO "productAttribute" (id, name, value, productId, createdAt, updatedAt) VALUES ('cmfmv4wa5000eop784lv0ikwq', 'Color', 'Navy', 'cmfmv4wa5000aop78ksq9ssm3', '"2025-09-16T18:04:57.581Z"', '"2025-09-16T18:04:57.581Z"');
INSERT INTO "productAttribute" (id, name, value, productId, createdAt, updatedAt) VALUES ('cmfmv4wa5000iop78txwpo62d', 'Color', 'White', 'cmfmv4wa5000cop7807tkr78g', '"2025-09-16T18:04:57.581Z"', '"2025-09-16T18:04:57.581Z"');
INSERT INTO "productAttribute" (id, name, value, productId, createdAt, updatedAt) VALUES ('cmfmv4wa5000fop78kzhgzsss', 'Material', 'Cotton, Elastane', 'cmfmv4wa5000aop78ksq9ssm3', '"2025-09-16T18:04:57.581Z"', '"2025-09-16T18:04:57.581Z"');
INSERT INTO "productAttribute" (id, name, value, productId, createdAt, updatedAt) VALUES ('cmfmv4wa5000kop78gee5sqy7', 'Material', 'Polyester, Nylon', 'cmfmv4wa5000cop7807tkr78g', '"2025-09-16T18:04:57.581Z"', '"2025-09-16T18:04:57.581Z"');
INSERT INTO "productAttribute" (id, name, value, productId, createdAt, updatedAt) VALUES ('cmfmv4wa5000hop78qy3a1jx0', 'Size', 'L', 'cmfmv4wa5000bop78koamv455', '"2025-09-16T18:04:57.581Z"', '"2025-09-16T18:04:57.581Z"');
INSERT INTO "productAttribute" (id, name, value, productId, createdAt, updatedAt) VALUES ('cmfmv4wa5000jop78d918b8rs', 'Color', 'Black/White', 'cmfmv4wa5000bop78koamv455', '"2025-09-16T18:04:57.581Z"', '"2025-09-16T18:04:57.581Z"');
INSERT INTO "productAttribute" (id, name, value, productId, createdAt, updatedAt) VALUES ('cmfmv4wa5000lop78ff28wctw', 'Material', 'Dri-FIT Technology', 'cmfmv4wa5000bop78koamv455', '"2025-09-16T18:04:57.581Z"', '"2025-09-16T18:04:57.581Z"');
INSERT INTO "productAttribute" (id, name, value, productId, createdAt, updatedAt) VALUES ('cmfmv4wae000top78mipkrht9', 'Size', 'S', 'cmfmv4wae000sop78cft8eh5v', '"2025-09-16T18:04:57.581Z"', '"2025-09-16T18:04:57.581Z"');
INSERT INTO "productAttribute" (id, name, value, productId, createdAt, updatedAt) VALUES ('cmfmv4wae000uop78t5jakb3b', 'Color', 'Gray', 'cmfmv4wae000sop78cft8eh5v', '"2025-09-16T18:04:57.581Z"', '"2025-09-16T18:04:57.581Z"');
INSERT INTO "productAttribute" (id, name, value, productId, createdAt, updatedAt) VALUES ('cmfmv4wae000vop78fk2dha0m', 'Material', 'Cotton, Spandex', 'cmfmv4wae000sop78cft8eh5v', '"2025-09-16T18:04:57.581Z"', '"2025-09-16T18:04:57.581Z"');
INSERT INTO "productAttribute" (id, name, value, productId, createdAt, updatedAt) VALUES ('cmfmv4wae000oop78dplj3ivi', 'Size', 'L', 'cmfmv4wae000nop78dugcvi8v', '"2025-09-16T18:04:57.581Z"', '"2025-09-16T18:04:57.581Z"');
INSERT INTO "productAttribute" (id, name, value, productId, createdAt, updatedAt) VALUES ('cmfmv4wae000pop78dfs5610e', 'Color', 'Black', 'cmfmv4wae000nop78dugcvi8v', '"2025-09-16T18:04:57.581Z"', '"2025-09-16T18:04:57.581Z"');
INSERT INTO "productAttribute" (id, name, value, productId, createdAt, updatedAt) VALUES ('cmfmv4wae000qop78p3dj02q3', 'Material', 'Cotton, Polyester', 'cmfmv4wae000nop78dugcvi8v', '"2025-09-16T18:04:57.581Z"', '"2025-09-16T18:04:57.581Z"');

