-- Backup created at 2025-09-20T07:02:51.506Z
-- Type: full

-- Data for table user
TRUNCATE TABLE "user" CASCADE;
INSERT INTO "user" (id, username, email, phone, name, password, role, isActive, createdAt, updatedAt) VALUES ('cmfmv4w9c0000op78r82s5kvc', 'admin', 'admin@matchystore.com', NULL, 'Admin User', '$2a$10$Szlv10kytssf.5BkI94ze.DvC5Wzh8vCvwvIXUo.JdXZCLzlmbsUS', 'SUPER_ADMIN', true, '"2025-09-16T18:04:57.552Z"', '"2025-09-20T04:41:10.282Z"');
INSERT INTO "user" (id, username, email, phone, name, password, role, isActive, createdAt, updatedAt) VALUES ('cmfmv4wge000wop78wc5psvu7', 'customer', 'customer@example.com', '+9641234567890', 'Customer User', '$2a$10$Ema1cA8UjReriXU0qJnaQe5Ou5pENVILjguBKwrZOmCp6MIoI2j..', 'CUSTOMER', true, '"2025-09-16T18:04:57.806Z"', '"2025-09-20T04:41:10.396Z"');
INSERT INTO "user" (id, username, email, phone, name, password, role, isActive, createdAt, updatedAt) VALUES ('cmfrs6mnp0000xqgoqhqlnnf6', 'staff', 'staff@matchystore.com', NULL, 'Staff User', '$2a$10$1T4IURJPg.TZh6IagE4Ev.A07fXrLvbkdLIKBGP3mv06h5J5Z5fKS', 'CUSTOMER_SERVICE', true, '"2025-09-20T04:41:10.453Z"', '"2025-09-20T04:41:10.453Z"');
INSERT INTO "user" (id, username, email, phone, name, password, role, isActive, createdAt, updatedAt) VALUES ('cmfrsv2ql0004tf17rik0dpih', 'aliqasim', NULL, NULL, 'Ali Qasim', '$2a$10$Vj6wmKwUfNCLwLasMp8wkOKZIZCulv5jUvz8AmH20whLO6BpImBGa', 'SUPER_ADMIN', true, '"2025-09-20T05:00:11.038Z"', '"2025-09-20T05:00:11.038Z"');

-- Data for table product
TRUNCATE TABLE "product" CASCADE;
INSERT INTO "product" (id, name, description, price, sku, barcode, stock, images, colors, isActive, createdAt, updatedAt, brandId, categoryId) VALUES ('cmfmv4wa5000bop78koamv455', 'Nike Elite Basketball Socks', 'High-performance basketball socks with extra cushioning and arch support.', '"18.99"', 'NKE-ATH-002', NULL, 50, '["https://via.placeholder.com/400x400/4F46E5/FFFFFF?text=Nike+Elite","https://via.placeholder.com/400x400/4F46E5/FFFFFF?text=Basketball+Style"]', '[]', true, '"2025-09-16T18:04:57.581Z"', '"2025-09-20T05:02:30.523Z"', 'cmfmv4w9y0003op7864j5r3p1', 'cmfmv4wa10005op780cokvu7p');
INSERT INTO "product" (id, name, description, price, sku, barcode, stock, images, colors, isActive, createdAt, updatedAt, brandId, categoryId) VALUES ('cmfmv4wa5000cop7807tkr78g', 'Nike Dri-FIT Crew Socks', 'Moisture-wicking athletic socks with cushioned sole for maximum comfort during workouts.', '"12.99"', 'NKE-ATH-001', NULL, 50, '["https://via.placeholder.com/400x400/4F46E5/FFFFFF?text=Nike+Dri-FIT","https://via.placeholder.com/400x400/4F46E5/FFFFFF?text=Side+View"]', '[]', true, '"2025-09-16T18:04:57.581Z"', '"2025-09-16T18:04:57.581Z"', 'cmfmv4w9y0003op7864j5r3p1', 'cmfmv4wa10005op780cokvu7p');
INSERT INTO "product" (id, name, description, price, sku, barcode, stock, images, colors, isActive, createdAt, updatedAt, brandId, categoryId) VALUES ('cmfmv4wa5000aop78ksq9ssm3', 'Puma Classic Dress Socks', 'Elegant dress socks made from fine cotton blend. Perfect for formal occasions.', '"15.99"', 'PUM-DRS-001', NULL, 30, '["https://via.placeholder.com/400x400/7C3AED/FFFFFF?text=Puma+Dress","https://via.placeholder.com/400x400/7C3AED/FFFFFF?text=Formal+Style"]', '[]', true, '"2025-09-16T18:04:57.581Z"', '"2025-09-16T18:04:57.581Z"', 'cmfmv4w9v0002op78p9f9bf43', 'cmfmv4wa10004op78quqkp6zb');
INSERT INTO "product" (id, name, description, price, sku, barcode, stock, images, colors, isActive, createdAt, updatedAt, brandId, categoryId) VALUES ('cmfmv4wae000nop78dugcvi8v', 'Adidas Originals 3-Stripe Socks', 'Classic casual socks with iconic 3-stripe design. Perfect for everyday wear.', '"8.99"', 'ADI-CAS-001', NULL, 75, '["https://via.placeholder.com/400x400/10B981/FFFFFF?text=Adidas+3-Stripe","https://via.placeholder.com/400x400/10B981/FFFFFF?text=Detail+View"]', '[]', true, '"2025-09-16T18:04:57.581Z"', '"2025-09-16T18:04:57.581Z"', 'cmfmv4w9j0001op781wl1mu6t', 'cmfmv4wa10006op785zwi4tbg');
INSERT INTO "product" (id, name, description, price, sku, barcode, stock, images, colors, isActive, createdAt, updatedAt, brandId, categoryId) VALUES ('cmfmv4wae000sop78cft8eh5v', 'Adidas Comfort Crew Socks', 'Ultra-comfortable crew socks with soft cotton blend and reinforced heel and toe.', '"6.99"', 'ADI-CAS-002', NULL, 100, '["https://via.placeholder.com/400x400/10B981/FFFFFF?text=Adidas+Comfort","https://via.placeholder.com/400x400/10B981/FFFFFF?text=Comfort+Style"]', '[]', true, '"2025-09-16T18:04:57.581Z"', '"2025-09-16T18:04:57.581Z"', 'cmfmv4w9j0001op781wl1mu6t', 'cmfmv4wa10006op785zwi4tbg');
INSERT INTO "product" (id, name, description, price, sku, barcode, stock, images, colors, isActive, createdAt, updatedAt, brandId, categoryId) VALUES ('cmfrx12xv0008tf17mf0n7tj0', 'Matchy Coffee & Books Socks', '', '"3000"', 'MTCH922', NULL, 1000, '[]', '[]', true, '"2025-09-20T06:56:49.699Z"', '"2025-09-20T06:56:49.699Z"', 'cmfmv4w9j0001op781wl1mu6t', 'cmfmv4wa10005op780cokvu7p');

-- Data for table category
TRUNCATE TABLE "category" CASCADE;
INSERT INTO "category" (id, name, description, image, isActive, createdAt, updatedAt) VALUES ('cmfmv4wa10005op780cokvu7p', 'Athletic Socks', 'High-performance socks for sports and exercise', 'https://via.placeholder.com/300x200/4F46E5/FFFFFF?text=Athletic', true, '"2025-09-16T18:04:57.577Z"', '"2025-09-16T18:04:57.577Z"');
INSERT INTO "category" (id, name, description, image, isActive, createdAt, updatedAt) VALUES ('cmfmv4wa10004op78quqkp6zb', 'Dress Socks', 'Formal socks for business and special occasions', 'https://via.placeholder.com/300x200/7C3AED/FFFFFF?text=Dress', true, '"2025-09-16T18:04:57.578Z"', '"2025-09-16T18:04:57.578Z"');
INSERT INTO "category" (id, name, description, image, isActive, createdAt, updatedAt) VALUES ('cmfmv4wa10006op785zwi4tbg', 'Casual Socks', 'Comfortable everyday socks for daily wear', 'https://via.placeholder.com/300x200/10B981/FFFFFF?text=Casual', true, '"2025-09-16T18:04:57.577Z"', '"2025-09-16T18:04:57.577Z"');

-- Data for table brand
TRUNCATE TABLE "brand" CASCADE;
INSERT INTO "brand" (id, name, description, logo, website, isActive, createdAt, updatedAt) VALUES ('cmfmv4w9j0001op781wl1mu6t', 'Adidas', NULL, 'https://via.placeholder.com/100x50/000000/FFFFFF?text=Adidas', NULL, true, '"2025-09-16T18:04:57.560Z"', '"2025-09-16T18:04:57.560Z"');
INSERT INTO "brand" (id, name, description, logo, website, isActive, createdAt, updatedAt) VALUES ('cmfmv4w9v0002op78p9f9bf43', 'Puma', NULL, 'https://via.placeholder.com/100x50/000000/FFFFFF?text=Puma', NULL, true, '"2025-09-16T18:04:57.560Z"', '"2025-09-16T18:04:57.560Z"');
INSERT INTO "brand" (id, name, description, logo, website, isActive, createdAt, updatedAt) VALUES ('cmfmv4w9y0003op7864j5r3p1', 'Nike', NULL, 'https://via.placeholder.com/100x50/000000/FFFFFF?text=Nike', NULL, true, '"2025-09-16T18:04:57.560Z"', '"2025-09-16T18:04:57.560Z"');

